15,https://farm1.staticflickr.com/22/88627433_1c62a8c09b.jpg
62,https://farm8.staticflickr.com/7233/6966928196_b05c3a471d.jpg
432,https://farm1.staticflickr.com/3/2593129_2cab8fb9b8.jpg
31,https://farm4.staticflickr.com/3805/12037567764_b0e4c2e542.jpg
71,https://farm6.staticflickr.com/5158/14369369051_ebb78b61b7.jpg
433,https://farm5.staticflickr.com/4308/35949972031_de7b83d30e.jpg
359,https://farm8.staticflickr.com/7283/16194286604_4fd2ec1626.jpg
149,https://farm2.staticflickr.com/1977/31066090078_d33b50d4cf.jpg
171,https://farm4.staticflickr.com/3821/12294526865_56d6af2b54.jpg
217,https://farm9.staticflickr.com/8036/7896130210_cedc771fd0.jpg
18,https://farm2.staticflickr.com/1852/42890788190_dd70d84fbc.jpg
118,https://farm5.staticflickr.com/4030/4633672561_c06ca26dfa.jpg
297,https://farm9.staticflickr.com/8426/7804734058_de1f819c33.jpg
242,https://farm3.staticflickr.com/2306/2121073104_88f92d76b5.jpg
322,https://farm4.staticflickr.com/3224/2861473981_4ee6508f2f.jpg
322,https://farm3.staticflickr.com/2904/14701460115_665585ac24.jpg
484,https://farm1.staticflickr.com/77/229831946_11abcdc725.jpg
24,https://farm4.staticflickr.com/3268/2363417739_ea6c69b38e.jpg
319,https://farm4.staticflickr.com/3712/12120990813_b8a12de80b.jpg
432,https://farm8.staticflickr.com/7173/6744744241_b0a0cc221d.jpg
50,https://farm8.staticflickr.com/7004/6720969475_21fd867324.jpg
293,https://farm4.staticflickr.com/3490/3209327896_2c54c16311.jpg
342,https://farm4.staticflickr.com/3940/15589636342_afbff26a2a.jpg
420,https://farm9.staticflickr.com/8610/15923086140_cf05d6313e.jpg
234,https://farm1.staticflickr.com/117/304534051_f5499667ea.jpg
240,https://farm4.staticflickr.com/3755/11373072325_f21b5bce1c.jpg
457,https://farm8.staticflickr.com/7256/7626510654_27fa1b17d8.jpg
286,https://farm4.staticflickr.com/3803/32907194300_7b4644f9c9.jpg
200,https://farm6.staticflickr.com/5469/9308051399_e55663589f.jpg
107,https://farm3.staticflickr.com/2264/1814415749_ad2c21580b.jpg
85,https://farm2.staticflickr.com/1767/43491502861_921002c301.jpg
498,https://farm4.staticflickr.com/3752/9229831245_26c40e22fc.jpg
92,https://farm8.staticflickr.com/7125/27762547626_148c07054f.jpg
65,https://farm8.staticflickr.com/7515/16259605985_75a0e808b9.jpg
251,https://farm2.staticflickr.com/1821/28506523817_7a0ff8904d.jpg
214,https://farm9.staticflickr.com/8039/7962822008_5ac21f2e2b.jpg
489,https://farm1.staticflickr.com/24/49766130_f3c74bb5bc.jpg
291,https://farm3.staticflickr.com/2415/2538379418_9875a9d3cb.jpg
151,https://farm1.staticflickr.com/70/186585796_8a50ede3df.jpg
156,https://farm9.staticflickr.com/8352/8263558421_aafc23e941.jpg
495,https://farm9.staticflickr.com/8106/8656126843_6d100d19d7.jpg
279,https://farm9.staticflickr.com/8188/8128040613_6ab2593c14.jpg
151,https://farm3.staticflickr.com/2907/14437861014_e96e4fc7e0.jpg
338,https://farm6.staticflickr.com/5246/5240447508_06bb51c627.jpg
102,https://farm4.staticflickr.com/3234/2852982472_ca7bc34830.jpg
375,https://farm9.staticflickr.com/8322/7903213572_8d24c3be39.jpg
36,https://farm3.staticflickr.com/2820/9780994726_66c821484d.jpg
342,https://farm4.staticflickr.com/3324/3180192153_3cc0f9f6a3.jpg
0,https://farm8.staticflickr.com/7249/7576069660_69598a2b64.jpg
2,https://farm9.staticflickr.com/8502/8373631253_ec0aa8602d.jpg
363,https://farm5.staticflickr.com/4162/34555924086_59baa4876a.jpg
32,https://farm8.staticflickr.com/7052/6875343803_567d3fdd93.jpg
115,https://farm3.staticflickr.com/2357/2264932603_1cef578984.jpg
51,https://farm8.staticflickr.com/7438/9649076854_e29afcd062.jpg
275,https://farm3.staticflickr.com/2219/2179217444_5f92c28f8d.jpg
128,https://farm9.staticflickr.com/8067/8183431626_cc085f584d.jpg
